"filename", "language", "JSON", "Java", "comment", "blank", "total"
"d:\Aman\Dalhousie\Term 1\ASDC\Assignment\google-maps-services-java\src\main\java\com\google\maps\DirectionsApi.java", "Java", 0, 61, 55, 20, 136
"d:\Aman\Dalhousie\Term 1\ASDC\Assignment\google-maps-services-java\src\main\java\com\google\maps\DirectionsApiRequest.java", "Java", 0, 166, 216, 37, 419
"d:\Aman\Dalhousie\Term 1\ASDC\Assignment\google-maps-services-java\src\main\java\com\google\maps\DistanceMatrixApi.java", "Java", 0, 39, 32, 11, 82
"d:\Aman\Dalhousie\Term 1\ASDC\Assignment\google-maps-services-java\src\main\java\com\google\maps\DistanceMatrixApiRequest.java", "Java", 0, 74, 113, 19, 206
"d:\Aman\Dalhousie\Term 1\ASDC\Assignment\google-maps-services-java\src\main\java\com\google\maps\ElevationApi.java", "Java", 0, 90, 64, 20, 174
"d:\Aman\Dalhousie\Term 1\ASDC\Assignment\google-maps-services-java\src\main\java\com\google\maps\FindPlaceFromTextRequest.java", "Java", 0, 141, 40, 35, 216
"d:\Aman\Dalhousie\Term 1\ASDC\Assignment\google-maps-services-java\src\main\java\com\google\maps\GaeRequestHandler.java", "Java", 0, 128, 21, 19, 168
"d:\Aman\Dalhousie\Term 1\ASDC\Assignment\google-maps-services-java\src\main\java\com\google\maps\GeoApiContext.java", "Java", 0, 381, 180, 72, 633
"d:\Aman\Dalhousie\Term 1\ASDC\Assignment\google-maps-services-java\src\main\java\com\google\maps\GeocodingApi.java", "Java", 0, 41, 43, 11, 95
"d:\Aman\Dalhousie\Term 1\ASDC\Assignment\google-maps-services-java\src\main\java\com\google\maps\GeocodingApiRequest.java", "Java", 0, 55, 83, 17, 155
"d:\Aman\Dalhousie\Term 1\ASDC\Assignment\google-maps-services-java\src\main\java\com\google\maps\GeolocationApi.java", "Java", 0, 52, 23, 12, 87
"d:\Aman\Dalhousie\Term 1\ASDC\Assignment\google-maps-services-java\src\main\java\com\google\maps\GeolocationApiRequest.java", "Java", 0, 74, 17, 18, 109
"d:\Aman\Dalhousie\Term 1\ASDC\Assignment\google-maps-services-java\src\main\java\com\google\maps\ImageResult.java", "Java", 0, 27, 21, 11, 59
"d:\Aman\Dalhousie\Term 1\ASDC\Assignment\google-maps-services-java\src\main\java\com\google\maps\NearbySearchRequest.java", "Java", 0, 104, 100, 27, 231
"d:\Aman\Dalhousie\Term 1\ASDC\Assignment\google-maps-services-java\src\main\java\com\google\maps\NearestRoadsApiRequest.java", "Java", 0, 27, 7, 7, 41
"d:\Aman\Dalhousie\Term 1\ASDC\Assignment\google-maps-services-java\src\main\java\com\google\maps\OkHttpRequestHandler.java", "Java", 0, 155, 28, 21, 204
"d:\Aman\Dalhousie\Term 1\ASDC\Assignment\google-maps-services-java\src\main\java\com\google\maps\PendingResult.java", "Java", 0, 13, 58, 11, 82
"d:\Aman\Dalhousie\Term 1\ASDC\Assignment\google-maps-services-java\src\main\java\com\google\maps\PendingResultBase.java", "Java", 0, 119, 61, 24, 204
"d:\Aman\Dalhousie\Term 1\ASDC\Assignment\google-maps-services-java\src\main\java\com\google\maps\PhotoRequest.java", "Java", 0, 27, 39, 10, 76
"d:\Aman\Dalhousie\Term 1\ASDC\Assignment\google-maps-services-java\src\main\java\com\google\maps\PlaceAutocompleteRequest.java", "Java", 0, 99, 109, 30, 238
"d:\Aman\Dalhousie\Term 1\ASDC\Assignment\google-maps-services-java\src\main\java\com\google\maps\PlaceDetailsRequest.java", "Java", 0, 135, 60, 21, 216
"d:\Aman\Dalhousie\Term 1\ASDC\Assignment\google-maps-services-java\src\main\java\com\google\maps\PlacesApi.java", "Java", 0, 74, 137, 17, 228
"d:\Aman\Dalhousie\Term 1\ASDC\Assignment\google-maps-services-java\src\main\java\com\google\maps\QueryAutocompleteRequest.java", "Java", 0, 55, 48, 15, 118
"d:\Aman\Dalhousie\Term 1\ASDC\Assignment\google-maps-services-java\src\main\java\com\google\maps\RoadsApi.java", "Java", 0, 64, 80, 18, 162
"d:\Aman\Dalhousie\Term 1\ASDC\Assignment\google-maps-services-java\src\main\java\com\google\maps\SnapToRoadsApiRequest.java", "Java", 0, 30, 13, 8, 51
"d:\Aman\Dalhousie\Term 1\ASDC\Assignment\google-maps-services-java\src\main\java\com\google\maps\SpeedLimitsApiRequest.java", "Java", 0, 33, 13, 8, 54
"d:\Aman\Dalhousie\Term 1\ASDC\Assignment\google-maps-services-java\src\main\java\com\google\maps\StaticMapsApi.java", "Java", 0, 8, 21, 6, 35
"d:\Aman\Dalhousie\Term 1\ASDC\Assignment\google-maps-services-java\src\main\java\com\google\maps\StaticMapsRequest.java", "Java", 0, 224, 182, 65, 471
"d:\Aman\Dalhousie\Term 1\ASDC\Assignment\google-maps-services-java\src\main\java\com\google\maps\TextSearchRequest.java", "Java", 0, 96, 91, 26, 213
"d:\Aman\Dalhousie\Term 1\ASDC\Assignment\google-maps-services-java\src\main\java\com\google\maps\TimeZoneApi.java", "Java", 0, 44, 30, 11, 85
"d:\Aman\Dalhousie\Term 1\ASDC\Assignment\google-maps-services-java\src\main\java\com\google\maps\android\AndroidAuthenticationConfig.java", "Java", 0, 12, 7, 6, 25
"d:\Aman\Dalhousie\Term 1\ASDC\Assignment\google-maps-services-java\src\main\java\com\google\maps\android\AndroidAuthenticationConfigProvider.java", "Java", 0, 11, 5, 4, 20
"d:\Aman\Dalhousie\Term 1\ASDC\Assignment\google-maps-services-java\src\main\java\com\google\maps\android\AndroidAuthenticationInterceptor.java", "Java", 0, 29, 5, 10, 44
"d:\Aman\Dalhousie\Term 1\ASDC\Assignment\google-maps-services-java\src\main\java\com\google\maps\android\CertificateHelper.java", "Java", 0, 45, 8, 8, 61
"d:\Aman\Dalhousie\Term 1\ASDC\Assignment\google-maps-services-java\src\main\java\com\google\maps\android\Context.java", "Java", 0, 67, 17, 10, 94
"d:\Aman\Dalhousie\Term 1\ASDC\Assignment\google-maps-services-java\src\main\java\com\google\maps\android\PackageInfo.java", "Java", 0, 25, 2, 5, 32
"d:\Aman\Dalhousie\Term 1\ASDC\Assignment\google-maps-services-java\src\main\java\com\google\maps\android\PackageManager.java", "Java", 0, 27, 10, 5, 42
"d:\Aman\Dalhousie\Term 1\ASDC\Assignment\google-maps-services-java\src\main\java\com\google\maps\errors\AccessNotConfiguredException.java", "Java", 0, 7, 18, 5, 30
"d:\Aman\Dalhousie\Term 1\ASDC\Assignment\google-maps-services-java\src\main\java\com\google\maps\errors\ApiError.java", "Java", 0, 6, 15, 3, 24
"d:\Aman\Dalhousie\Term 1\ASDC\Assignment\google-maps-services-java\src\main\java\com\google\maps\errors\ApiException.java", "Java", 0, 58, 31, 8, 97
"d:\Aman\Dalhousie\Term 1\ASDC\Assignment\google-maps-services-java\src\main\java\com\google\maps\errors\InvalidRequestException.java", "Java", 0, 7, 15, 5, 27
"d:\Aman\Dalhousie\Term 1\ASDC\Assignment\google-maps-services-java\src\main\java\com\google\maps\errors\MaxElementsExceededException.java", "Java", 0, 7, 20, 5, 32
"d:\Aman\Dalhousie\Term 1\ASDC\Assignment\google-maps-services-java\src\main\java\com\google\maps\errors\MaxRouteLengthExceededException.java", "Java", 0, 7, 23, 5, 35
"d:\Aman\Dalhousie\Term 1\ASDC\Assignment\google-maps-services-java\src\main\java\com\google\maps\errors\MaxWaypointsExceededException.java", "Java", 0, 7, 20, 4, 31
"d:\Aman\Dalhousie\Term 1\ASDC\Assignment\google-maps-services-java\src\main\java\com\google\maps\errors\NotFoundException.java", "Java", 0, 7, 18, 5, 30
"d:\Aman\Dalhousie\Term 1\ASDC\Assignment\google-maps-services-java\src\main\java\com\google\maps\errors\OverDailyLimitException.java", "Java", 0, 7, 15, 5, 27
"d:\Aman\Dalhousie\Term 1\ASDC\Assignment\google-maps-services-java\src\main\java\com\google\maps\errors\OverQueryLimitException.java", "Java", 0, 7, 15, 5, 27
"d:\Aman\Dalhousie\Term 1\ASDC\Assignment\google-maps-services-java\src\main\java\com\google\maps\errors\RequestDeniedException.java", "Java", 0, 7, 15, 4, 26
"d:\Aman\Dalhousie\Term 1\ASDC\Assignment\google-maps-services-java\src\main\java\com\google\maps\errors\UnknownErrorException.java", "Java", 0, 7, 17, 5, 29
"d:\Aman\Dalhousie\Term 1\ASDC\Assignment\google-maps-services-java\src\main\java\com\google\maps\errors\ZeroResultsException.java", "Java", 0, 7, 21, 5, 33
"d:\Aman\Dalhousie\Term 1\ASDC\Assignment\google-maps-services-java\src\main\java\com\google\maps\internal\ApiConfig.java", "Java", 0, 28, 15, 9, 52
"d:\Aman\Dalhousie\Term 1\ASDC\Assignment\google-maps-services-java\src\main\java\com\google\maps\internal\ApiResponse.java", "Java", 0, 7, 15, 6, 28
"d:\Aman\Dalhousie\Term 1\ASDC\Assignment\google-maps-services-java\src\main\java\com\google\maps\internal\DayOfWeekAdapter.java", "Java", 0, 40, 22, 9, 71
"d:\Aman\Dalhousie\Term 1\ASDC\Assignment\google-maps-services-java\src\main\java\com\google\maps\internal\DistanceAdapter.java", "Java", 0, 32, 33, 9, 74
"d:\Aman\Dalhousie\Term 1\ASDC\Assignment\google-maps-services-java\src\main\java\com\google\maps\internal\DurationAdapter.java", "Java", 0, 33, 34, 9, 76
"d:\Aman\Dalhousie\Term 1\ASDC\Assignment\google-maps-services-java\src\main\java\com\google\maps\internal\EncodedPolylineInstanceCreator.java", "Java", 0, 14, 14, 6, 34
"d:\Aman\Dalhousie\Term 1\ASDC\Assignment\google-maps-services-java\src\main\java\com\google\maps\internal\ExceptionsAllowedToRetry.java", "Java", 0, 19, 14, 8, 41
"d:\Aman\Dalhousie\Term 1\ASDC\Assignment\google-maps-services-java\src\main\java\com\google\maps\internal\FareAdapter.java", "Java", 0, 36, 26, 8, 70
"d:\Aman\Dalhousie\Term 1\ASDC\Assignment\google-maps-services-java\src\main\java\com\google\maps\internal\GaePendingResult.java", "Java", 0, 199, 44, 24, 267
"d:\Aman\Dalhousie\Term 1\ASDC\Assignment\google-maps-services-java\src\main\java\com\google\maps\internal\GeolocationResponseAdapter.java", "Java", 0, 67, 60, 7, 134
"d:\Aman\Dalhousie\Term 1\ASDC\Assignment\google-maps-services-java\src\main\java\com\google\maps\internal\HttpHeaders.java", "Java", 0, 7, 19, 7, 33
"d:\Aman\Dalhousie\Term 1\ASDC\Assignment\google-maps-services-java\src\main\java\com\google\maps\internal\InstantAdapter.java", "Java", 0, 24, 18, 8, 50
"d:\Aman\Dalhousie\Term 1\ASDC\Assignment\google-maps-services-java\src\main\java\com\google\maps\internal\LatLngAdapter.java", "Java", 0, 41, 29, 8, 78
"d:\Aman\Dalhousie\Term 1\ASDC\Assignment\google-maps-services-java\src\main\java\com\google\maps\internal\LocalTimeAdapter.java", "Java", 0, 26, 17, 7, 50
"d:\Aman\Dalhousie\Term 1\ASDC\Assignment\google-maps-services-java\src\main\java\com\google\maps\internal\OkHttpPendingResult.java", "Java", 0, 260, 50, 35, 345
"d:\Aman\Dalhousie\Term 1\ASDC\Assignment\google-maps-services-java\src\main\java\com\google\maps\internal\PolylineEncoding.java", "Java", 0, 62, 24, 18, 104
"d:\Aman\Dalhousie\Term 1\ASDC\Assignment\google-maps-services-java\src\main\java\com\google\maps\internal\PriceLevelAdapter.java", "Java", 0, 36, 22, 9, 67
"d:\Aman\Dalhousie\Term 1\ASDC\Assignment\google-maps-services-java\src\main\java\com\google\maps\internal\RateLimitExecutorService.java", "Java", 0, 138, 24, 26, 188
"d:\Aman\Dalhousie\Term 1\ASDC\Assignment\google-maps-services-java\src\main\java\com\google\maps\internal\SafeEnumAdapter.java", "Java", 0, 37, 22, 10, 69
"d:\Aman\Dalhousie\Term 1\ASDC\Assignment\google-maps-services-java\src\main\java\com\google\maps\internal\StringJoin.java", "Java", 0, 42, 20, 12, 74
"d:\Aman\Dalhousie\Term 1\ASDC\Assignment\google-maps-services-java\src\main\java\com\google\maps\internal\UrlSigner.java", "Java", 0, 31, 25, 10, 66
"d:\Aman\Dalhousie\Term 1\ASDC\Assignment\google-maps-services-java\src\main\java\com\google\maps\internal\ZonedDateTimeAdapter.java", "Java", 0, 38, 36, 9, 83
"d:\Aman\Dalhousie\Term 1\ASDC\Assignment\google-maps-services-java\src\main\java\com\google\maps\internal\ratelimiter\LongMath.java", "Java", 0, 12, 41, 4, 57
"d:\Aman\Dalhousie\Term 1\ASDC\Assignment\google-maps-services-java\src\main\java\com\google\maps\internal\ratelimiter\Platform.java", "Java", 0, 11, 36, 6, 53
"d:\Aman\Dalhousie\Term 1\ASDC\Assignment\google-maps-services-java\src\main\java\com\google\maps\internal\ratelimiter\Preconditions.java", "Java", 0, 54, 85, 12, 151
"d:\Aman\Dalhousie\Term 1\ASDC\Assignment\google-maps-services-java\src\main\java\com\google\maps\internal\ratelimiter\RateLimiter.java", "Java", 0, 161, 254, 36, 451
"d:\Aman\Dalhousie\Term 1\ASDC\Assignment\google-maps-services-java\src\main\java\com\google\maps\internal\ratelimiter\SmoothRateLimiter.java", "Java", 0, 130, 241, 31, 402
"d:\Aman\Dalhousie\Term 1\ASDC\Assignment\google-maps-services-java\src\main\java\com\google\maps\internal\ratelimiter\Stopwatch.java", "Java", 0, 110, 111, 22, 243
"d:\Aman\Dalhousie\Term 1\ASDC\Assignment\google-maps-services-java\src\main\java\com\google\maps\internal\ratelimiter\Ticker.java", "Java", 0, 15, 39, 6, 60
"d:\Aman\Dalhousie\Term 1\ASDC\Assignment\google-maps-services-java\src\main\java\com\google\maps\metrics\NoOpRequestMetrics.java", "Java", 0, 7, 1, 6, 14
"d:\Aman\Dalhousie\Term 1\ASDC\Assignment\google-maps-services-java\src\main\java\com\google\maps\metrics\NoOpRequestMetricsReporter.java", "Java", 0, 7, 1, 4, 12
"d:\Aman\Dalhousie\Term 1\ASDC\Assignment\google-maps-services-java\src\main\java\com\google\maps\metrics\OpenCensusMetrics.java", "Java", 0, 103, 4, 22, 129
"d:\Aman\Dalhousie\Term 1\ASDC\Assignment\google-maps-services-java\src\main\java\com\google\maps\metrics\OpenCensusRequestMetrics.java", "Java", 0, 63, 2, 11, 76
"d:\Aman\Dalhousie\Term 1\ASDC\Assignment\google-maps-services-java\src\main\java\com\google\maps\metrics\OpenCensusRequestMetricsReporter.java", "Java", 0, 14, 1, 5, 20
"d:\Aman\Dalhousie\Term 1\ASDC\Assignment\google-maps-services-java\src\main\java\com\google\maps\metrics\RequestMetrics.java", "Java", 0, 6, 17, 5, 28
"d:\Aman\Dalhousie\Term 1\ASDC\Assignment\google-maps-services-java\src\main\java\com\google\maps\metrics\RequestMetricsReporter.java", "Java", 0, 4, 1, 3, 8
"d:\Aman\Dalhousie\Term 1\ASDC\Assignment\google-maps-services-java\src\main\java\com\google\maps\model\AddressComponent.java", "Java", 0, 20, 29, 10, 59
"d:\Aman\Dalhousie\Term 1\ASDC\Assignment\google-maps-services-java\src\main\java\com\google\maps\model\AddressComponentType.java", "Java", 0, 94, 128, 82, 304
"d:\Aman\Dalhousie\Term 1\ASDC\Assignment\google-maps-services-java\src\main\java\com\google\maps\model\AddressType.java", "Java", 0, 162, 190, 144, 496
"d:\Aman\Dalhousie\Term 1\ASDC\Assignment\google-maps-services-java\src\main\java\com\google\maps\model\AutocompletePrediction.java", "Java", 0, 44, 56, 23, 123
"d:\Aman\Dalhousie\Term 1\ASDC\Assignment\google-maps-services-java\src\main\java\com\google\maps\model\AutocompleteStructuredFormatting.java", "Java", 0, 20, 18, 9, 47
"d:\Aman\Dalhousie\Term 1\ASDC\Assignment\google-maps-services-java\src\main\java\com\google\maps\model\Bounds.java", "Java", 0, 11, 17, 6, 34
"d:\Aman\Dalhousie\Term 1\ASDC\Assignment\google-maps-services-java\src\main\java\com\google\maps\model\CellTower.java", "Java", 0, 89, 47, 17, 153
"d:\Aman\Dalhousie\Term 1\ASDC\Assignment\google-maps-services-java\src\main\java\com\google\maps\model\ComponentFilter.java", "Java", 0, 34, 59, 13, 106
"d:\Aman\Dalhousie\Term 1\ASDC\Assignment\google-maps-services-java\src\main\java\com\google\maps\model\DirectionsLeg.java", "Java", 0, 37, 66, 16, 119
"d:\Aman\Dalhousie\Term 1\ASDC\Assignment\google-maps-services-java\src\main\java\com\google\maps\model\DirectionsResult.java", "Java", 0, 7, 30, 7, 44
"d:\Aman\Dalhousie\Term 1\ASDC\Assignment\google-maps-services-java\src\main\java\com\google\maps\model\DirectionsRoute.java", "Java", 0, 29, 50, 13, 92
"d:\Aman\Dalhousie\Term 1\ASDC\Assignment\google-maps-services-java\src\main\java\com\google\maps\model\DirectionsStep.java", "Java", 0, 32, 58, 16, 106
"d:\Aman\Dalhousie\Term 1\ASDC\Assignment\google-maps-services-java\src\main\java\com\google\maps\model\Distance.java", "Java", 0, 11, 23, 8, 42
"d:\Aman\Dalhousie\Term 1\ASDC\Assignment\google-maps-services-java\src\main\java\com\google\maps\model\DistanceMatrix.java", "Java", 0, 20, 32, 10, 62
"d:\Aman\Dalhousie\Term 1\ASDC\Assignment\google-maps-services-java\src\main\java\com\google\maps\model\DistanceMatrixElement.java", "Java", 0, 24, 40, 11, 75
"d:\Aman\Dalhousie\Term 1\ASDC\Assignment\google-maps-services-java\src\main\java\com\google\maps\model\DistanceMatrixElementStatus.java", "Java", 0, 6, 24, 5, 35
"d:\Aman\Dalhousie\Term 1\ASDC\Assignment\google-maps-services-java\src\main\java\com\google\maps\model\DistanceMatrixRow.java", "Java", 0, 10, 19, 7, 36
"d:\Aman\Dalhousie\Term 1\ASDC\Assignment\google-maps-services-java\src\main\java\com\google\maps\model\Duration.java", "Java", 0, 11, 20, 8, 39
"d:\Aman\Dalhousie\Term 1\ASDC\Assignment\google-maps-services-java\src\main\java\com\google\maps\model\ElevationResult.java", "Java", 0, 12, 22, 7, 41
"d:\Aman\Dalhousie\Term 1\ASDC\Assignment\google-maps-services-java\src\main\java\com\google\maps\model\EncodedPolyline.java", "Java", 0, 27, 26, 12, 65
"d:\Aman\Dalhousie\Term 1\ASDC\Assignment\google-maps-services-java\src\main\java\com\google\maps\model\Fare.java", "Java", 0, 13, 22, 8, 43
"d:\Aman\Dalhousie\Term 1\ASDC\Assignment\google-maps-services-java\src\main\java\com\google\maps\model\FindPlaceFromText.java", "Java", 0, 10, 14, 7, 31
"d:\Aman\Dalhousie\Term 1\ASDC\Assignment\google-maps-services-java\src\main\java\com\google\maps\model\GeocodedWaypoint.java", "Java", 0, 21, 27, 10, 58
"d:\Aman\Dalhousie\Term 1\ASDC\Assignment\google-maps-services-java\src\main\java\com\google\maps\model\GeocodedWaypointStatus.java", "Java", 0, 5, 22, 4, 31
"d:\Aman\Dalhousie\Term 1\ASDC\Assignment\google-maps-services-java\src\main\java\com\google\maps\model\GeocodingResult.java", "Java", 0, 31, 52, 14, 97
"d:\Aman\Dalhousie\Term 1\ASDC\Assignment\google-maps-services-java\src\main\java\com\google\maps\model\GeolocationPayload.java", "Java", 0, 123, 44, 22, 189
"d:\Aman\Dalhousie\Term 1\ASDC\Assignment\google-maps-services-java\src\main\java\com\google\maps\model\GeolocationResult.java", "Java", 0, 11, 28, 6, 45
"d:\Aman\Dalhousie\Term 1\ASDC\Assignment\google-maps-services-java\src\main\java\com\google\maps\model\Geometry.java", "Java", 0, 14, 30, 9, 53
"d:\Aman\Dalhousie\Term 1\ASDC\Assignment\google-maps-services-java\src\main\java\com\google\maps\model\LatLng.java", "Java", 0, 34, 25, 13, 72
"d:\Aman\Dalhousie\Term 1\ASDC\Assignment\google-maps-services-java\src\main\java\com\google\maps\model\LocationType.java", "Java", 0, 16, 37, 9, 62
"d:\Aman\Dalhousie\Term 1\ASDC\Assignment\google-maps-services-java\src\main\java\com\google\maps\model\OpeningHours.java", "Java", 0, 79, 55, 30, 164
"d:\Aman\Dalhousie\Term 1\ASDC\Assignment\google-maps-services-java\src\main\java\com\google\maps\model\Photo.java", "Java", 0, 18, 24, 9, 51
"d:\Aman\Dalhousie\Term 1\ASDC\Assignment\google-maps-services-java\src\main\java\com\google\maps\model\PlaceAutocompleteType.java", "Java", 0, 21, 18, 8, 47
"d:\Aman\Dalhousie\Term 1\ASDC\Assignment\google-maps-services-java\src\main\java\com\google\maps\model\PlaceDetails.java", "Java", 0, 196, 139, 70, 405
"d:\Aman\Dalhousie\Term 1\ASDC\Assignment\google-maps-services-java\src\main\java\com\google\maps\model\PlaceEditorialSummary.java", "Java", 0, 19, 21, 8, 48
"d:\Aman\Dalhousie\Term 1\ASDC\Assignment\google-maps-services-java\src\main\java\com\google\maps\model\PlaceIdScope.java", "Java", 0, 6, 20, 3, 29
"d:\Aman\Dalhousie\Term 1\ASDC\Assignment\google-maps-services-java\src\main\java\com\google\maps\model\PlaceType.java", "Java", 0, 125, 15, 8, 148
"d:\Aman\Dalhousie\Term 1\ASDC\Assignment\google-maps-services-java\src\main\java\com\google\maps\model\PlacesSearchResponse.java", "Java", 0, 21, 30, 9, 60
"d:\Aman\Dalhousie\Term 1\ASDC\Assignment\google-maps-services-java\src\main\java\com\google\maps\model\PlacesSearchResult.java", "Java", 0, 56, 43, 20, 119
"d:\Aman\Dalhousie\Term 1\ASDC\Assignment\google-maps-services-java\src\main\java\com\google\maps\model\PlusCode.java", "Java", 0, 17, 17, 8, 42
"d:\Aman\Dalhousie\Term 1\ASDC\Assignment\google-maps-services-java\src\main\java\com\google\maps\model\PriceLevel.java", "Java", 0, 25, 19, 9, 53
"d:\Aman\Dalhousie\Term 1\ASDC\Assignment\google-maps-services-java\src\main\java\com\google\maps\model\RankBy.java", "Java", 0, 18, 15, 8, 41
"d:\Aman\Dalhousie\Term 1\ASDC\Assignment\google-maps-services-java\src\main\java\com\google\maps\model\Size.java", "Java", 0, 21, 23, 10, 54
"d:\Aman\Dalhousie\Term 1\ASDC\Assignment\google-maps-services-java\src\main\java\com\google\maps\model\SnappedPoint.java", "Java", 0, 12, 31, 8, 51
"d:\Aman\Dalhousie\Term 1\ASDC\Assignment\google-maps-services-java\src\main\java\com\google\maps\model\SnappedSpeedLimitResult.java", "Java", 0, 19, 17, 8, 44
"d:\Aman\Dalhousie\Term 1\ASDC\Assignment\google-maps-services-java\src\main\java\com\google\maps\model\SpeedLimit.java", "Java", 0, 14, 25, 8, 47
"d:\Aman\Dalhousie\Term 1\ASDC\Assignment\google-maps-services-java\src\main\java\com\google\maps\model\StopDetails.java", "Java", 0, 11, 23, 8, 42
"d:\Aman\Dalhousie\Term 1\ASDC\Assignment\google-maps-services-java\src\main\java\com\google\maps\model\TrafficModel.java", "Java", 0, 16, 15, 6, 37
"d:\Aman\Dalhousie\Term 1\ASDC\Assignment\google-maps-services-java\src\main\java\com\google\maps\model\TransitAgency.java", "Java", 0, 21, 24, 9, 54
"d:\Aman\Dalhousie\Term 1\ASDC\Assignment\google-maps-services-java\src\main\java\com\google\maps\model\TransitDetails.java", "Java", 0, 31, 39, 14, 84
"d:\Aman\Dalhousie\Term 1\ASDC\Assignment\google-maps-services-java\src\main\java\com\google\maps\model\TransitLine.java", "Java", 0, 17, 38, 14, 69
"d:\Aman\Dalhousie\Term 1\ASDC\Assignment\google-maps-services-java\src\main\java\com\google\maps\model\TransitMode.java", "Java", 0, 18, 16, 7, 41
"d:\Aman\Dalhousie\Term 1\ASDC\Assignment\google-maps-services-java\src\main\java\com\google\maps\model\TransitRoutingPreference.java", "Java", 0, 15, 1, 5, 21
"d:\Aman\Dalhousie\Term 1\ASDC\Assignment\google-maps-services-java\src\main\java\com\google\maps\model\TravelMode.java", "Java", 0, 21, 27, 7, 55
"d:\Aman\Dalhousie\Term 1\ASDC\Assignment\google-maps-services-java\src\main\java\com\google\maps\model\Unit.java", "Java", 0, 15, 15, 6, 36
"d:\Aman\Dalhousie\Term 1\ASDC\Assignment\google-maps-services-java\src\main\java\com\google\maps\model\Vehicle.java", "Java", 0, 13, 28, 10, 51
"d:\Aman\Dalhousie\Term 1\ASDC\Assignment\google-maps-services-java\src\main\java\com\google\maps\model\VehicleType.java", "Java", 0, 21, 47, 21, 89
"d:\Aman\Dalhousie\Term 1\ASDC\Assignment\google-maps-services-java\src\main\java\com\google\maps\model\WifiAccessPoint.java", "Java", 0, 74, 34, 15, 123
"d:\Aman\Dalhousie\Term 1\ASDC\Assignment\google-maps-services-java\src\test\java\com\google\maps\DirectionsApiTest.java", "Java", 0, 456, 72, 61, 589
"d:\Aman\Dalhousie\Term 1\ASDC\Assignment\google-maps-services-java\src\test\java\com\google\maps\DistanceMatrixApiTest.java", "Java", 0, 166, 26, 24, 216
"d:\Aman\Dalhousie\Term 1\ASDC\Assignment\google-maps-services-java\src\test\java\com\google\maps\ElevationApiTest.java", "Java", 0, 238, 16, 25, 279
"d:\Aman\Dalhousie\Term 1\ASDC\Assignment\google-maps-services-java\src\test\java\com\google\maps\GeoApiContextTest.java", "Java", 0, 324, 47, 68, 439
"d:\Aman\Dalhousie\Term 1\ASDC\Assignment\google-maps-services-java\src\test\java\com\google\maps\GeocodingApiTest.java", "Java", 0, 1043, 74, 71, 1188
"d:\Aman\Dalhousie\Term 1\ASDC\Assignment\google-maps-services-java\src\test\java\com\google\maps\GeolocationApiTest.java", "Java", 0, 388, 14, 37, 439
"d:\Aman\Dalhousie\Term 1\ASDC\Assignment\google-maps-services-java\src\test\java\com\google\maps\LargeTests.java", "Java", 0, 2, 15, 3, 20
"d:\Aman\Dalhousie\Term 1\ASDC\Assignment\google-maps-services-java\src\test\java\com\google\maps\LocalTestServerContext.java", "Java", 0, 113, 16, 21, 150
"d:\Aman\Dalhousie\Term 1\ASDC\Assignment\google-maps-services-java\src\test\java\com\google\maps\MediumTests.java", "Java", 0, 2, 15, 3, 20
"d:\Aman\Dalhousie\Term 1\ASDC\Assignment\google-maps-services-java\src\test\java\com\google\maps\PlacesApiTest.java", "Java", 0, 878, 24, 129, 1031
"d:\Aman\Dalhousie\Term 1\ASDC\Assignment\google-maps-services-java\src\test\java\com\google\maps\RoadsApiIntegrationTest.java", "Java", 0, 165, 14, 22, 201
"d:\Aman\Dalhousie\Term 1\ASDC\Assignment\google-maps-services-java\src\test\java\com\google\maps\SmallTests.java", "Java", 0, 2, 15, 3, 20
"d:\Aman\Dalhousie\Term 1\ASDC\Assignment\google-maps-services-java\src\test\java\com\google\maps\StaticMapsApiTest.java", "Java", 0, 224, 15, 35, 274
"d:\Aman\Dalhousie\Term 1\ASDC\Assignment\google-maps-services-java\src\test\java\com\google\maps\TestUtils.java", "Java", 0, 31, 14, 6, 51
"d:\Aman\Dalhousie\Term 1\ASDC\Assignment\google-maps-services-java\src\test\java\com\google\maps\TimeZoneApiTest.java", "Java", 0, 49, 16, 13, 78
"d:\Aman\Dalhousie\Term 1\ASDC\Assignment\google-maps-services-java\src\test\java\com\google\maps\android\AndroidAuthenticationConfigProviderTest.java", "Java", 0, 40, 0, 13, 53
"d:\Aman\Dalhousie\Term 1\ASDC\Assignment\google-maps-services-java\src\test\java\com\google\maps\internal\PolylineEncodingTest.java", "Java", 0, 44, 15, 9, 68
"d:\Aman\Dalhousie\Term 1\ASDC\Assignment\google-maps-services-java\src\test\java\com\google\maps\internal\RateLimitExecutorServiceTest.java", "Java", 0, 79, 19, 13, 111
"d:\Aman\Dalhousie\Term 1\ASDC\Assignment\google-maps-services-java\src\test\java\com\google\maps\internal\UrlSignerTest.java", "Java", 0, 64, 19, 13, 96
"d:\Aman\Dalhousie\Term 1\ASDC\Assignment\google-maps-services-java\src\test\java\com\google\maps\metrics\OpenCensusTest.java", "Java", 0, 107, 0, 16, 123
"d:\Aman\Dalhousie\Term 1\ASDC\Assignment\google-maps-services-java\src\test\java\com\google\maps\model\EnumsTest.java", "Java", 0, 296, 17, 12, 325
"d:\Aman\Dalhousie\Term 1\ASDC\Assignment\google-maps-services-java\src\test\java\com\google\maps\model\LatLngAssert.java", "Java", 0, 9, 15, 6, 30
"d:\Aman\Dalhousie\Term 1\ASDC\Assignment\google-maps-services-java\src\test\resources\com\google\maps\AutocompletePredictionStructuredFormatting.json", "JSON", 50, 0, 0, 1, 51
"d:\Aman\Dalhousie\Term 1\ASDC\Assignment\google-maps-services-java\src\test\resources\com\google\maps\DirectionsAlongPath.json", "JSON", 805, 0, 0, 0, 805
"d:\Aman\Dalhousie\Term 1\ASDC\Assignment\google-maps-services-java\src\test\resources\com\google\maps\DirectionsApiBuilderResponse.json", "JSON", 17, 0, 0, 0, 17
"d:\Aman\Dalhousie\Term 1\ASDC\Assignment\google-maps-services-java\src\test\resources\com\google\maps\FindPlaceFromTextMuseumOfContemporaryArt.json", "JSON", 40, 0, 0, 2, 42
"d:\Aman\Dalhousie\Term 1\ASDC\Assignment\google-maps-services-java\src\test\resources\com\google\maps\GeocodeLibraryType.json", "JSON", 74, 0, 0, 2, 76
"d:\Aman\Dalhousie\Term 1\ASDC\Assignment\google-maps-services-java\src\test\resources\com\google\maps\GeolocationAlternatePayloadBuilder.json", "JSON", 7, 0, 0, 0, 7
"d:\Aman\Dalhousie\Term 1\ASDC\Assignment\google-maps-services-java\src\test\resources\com\google\maps\GeolocationBasicResponse.json", "JSON", 7, 0, 0, 0, 7
"d:\Aman\Dalhousie\Term 1\ASDC\Assignment\google-maps-services-java\src\test\resources\com\google\maps\GeolocationDocSampleResponse.json", "JSON", 7, 0, 0, 0, 7
"d:\Aman\Dalhousie\Term 1\ASDC\Assignment\google-maps-services-java\src\test\resources\com\google\maps\GeolocationMaximumCellTower.json", "JSON", 7, 0, 0, 0, 7
"d:\Aman\Dalhousie\Term 1\ASDC\Assignment\google-maps-services-java\src\test\resources\com\google\maps\GeolocationMaximumWifiResponse.json", "JSON", 7, 0, 0, 0, 7
"d:\Aman\Dalhousie\Term 1\ASDC\Assignment\google-maps-services-java\src\test\resources\com\google\maps\GeolocationMinimumCellTowerResponse.json", "JSON", 7, 0, 0, 0, 7
"d:\Aman\Dalhousie\Term 1\ASDC\Assignment\google-maps-services-java\src\test\resources\com\google\maps\GeolocationMinimumWifiResponse.json", "JSON", 7, 0, 0, 0, 7
"d:\Aman\Dalhousie\Term 1\ASDC\Assignment\google-maps-services-java\src\test\resources\com\google\maps\GetDirectionsResponse.json", "JSON", 37, 0, 0, 0, 37
"d:\Aman\Dalhousie\Term 1\ASDC\Assignment\google-maps-services-java\src\test\resources\com\google\maps\GetDistanceMatrixWithBasicStringParams.json", "JSON", 494, 0, 0, 0, 494
"d:\Aman\Dalhousie\Term 1\ASDC\Assignment\google-maps-services-java\src\test\resources\com\google\maps\OverQueryLimitResponse.json", "JSON", 4, 0, 0, 1, 5
"d:\Aman\Dalhousie\Term 1\ASDC\Assignment\google-maps-services-java\src\test\resources\com\google\maps\PlaceDetailsFood.json", "JSON", 20, 0, 0, 1, 21
"d:\Aman\Dalhousie\Term 1\ASDC\Assignment\google-maps-services-java\src\test\resources\com\google\maps\PlaceDetailsResponse.json", "JSON", 274, 0, 0, 1, 275
"d:\Aman\Dalhousie\Term 1\ASDC\Assignment\google-maps-services-java\src\test\resources\com\google\maps\PlaceDetailsResponseForPermanentlyClosedPlace.json", "JSON", 7, 0, 0, 1, 8
"d:\Aman\Dalhousie\Term 1\ASDC\Assignment\google-maps-services-java\src\test\resources\com\google\maps\PlaceDetailsResponseWithBusinessStatus.json", "JSON", 7, 0, 0, 1, 8
"d:\Aman\Dalhousie\Term 1\ASDC\Assignment\google-maps-services-java\src\test\resources\com\google\maps\PlaceGeocodeResponse.json", "JSON", 68, 0, 0, 0, 68
"d:\Aman\Dalhousie\Term 1\ASDC\Assignment\google-maps-services-java\src\test\resources\com\google\maps\PlacesApiDetailsInFrenchResponse.json", "JSON", 342, 0, 0, 0, 342
"d:\Aman\Dalhousie\Term 1\ASDC\Assignment\google-maps-services-java\src\test\resources\com\google\maps\PlacesApiNearbySearchRequestByKeywordResponse.json", "JSON", 939, 0, 0, 1, 940
"d:\Aman\Dalhousie\Term 1\ASDC\Assignment\google-maps-services-java\src\test\resources\com\google\maps\PlacesApiNearbySearchRequestByNameResponse.json", "JSON", 3004, 0, 0, 1, 3005
"d:\Aman\Dalhousie\Term 1\ASDC\Assignment\google-maps-services-java\src\test\resources\com\google\maps\PlacesApiNearbySearchRequestByTypeResponse.json", "JSON", 3569, 0, 0, 0, 3569
"d:\Aman\Dalhousie\Term 1\ASDC\Assignment\google-maps-services-java\src\test\resources\com\google\maps\PlacesApiPhotoResponse.json", "JSON", 319, 0, 0, 1, 320
"d:\Aman\Dalhousie\Term 1\ASDC\Assignment\google-maps-services-java\src\test\resources\com\google\maps\PlacesApiPizzaInNewYorkResponse.json", "JSON", 942, 0, 0, 0, 942
"d:\Aman\Dalhousie\Term 1\ASDC\Assignment\google-maps-services-java\src\test\resources\com\google\maps\PlacesApiPlaceAutocompleteResponse.json", "JSON", 293, 0, 0, 1, 294
"d:\Aman\Dalhousie\Term 1\ASDC\Assignment\google-maps-services-java\src\test\resources\com\google\maps\PlacesApiPlaceAutocompleteWithTypeResponse.json", "JSON", 227, 0, 0, 0, 227
"d:\Aman\Dalhousie\Term 1\ASDC\Assignment\google-maps-services-java\src\test\resources\com\google\maps\PlacesApiTextSearchResponse.json", "JSON", 178, 0, 0, 1, 179
"d:\Aman\Dalhousie\Term 1\ASDC\Assignment\google-maps-services-java\src\test\resources\com\google\maps\QueryAutocompleteResponse.json", "JSON", 184, 0, 0, 1, 185
"d:\Aman\Dalhousie\Term 1\ASDC\Assignment\google-maps-services-java\src\test\resources\com\google\maps\QueryAutocompleteResponseWithPlaceID.json", "JSON", 46, 0, 0, 1, 47
"d:\Aman\Dalhousie\Term 1\ASDC\Assignment\google-maps-services-java\src\test\resources\com\google\maps\ResponseTimesArePopulatedCorrectly.json", "JSON", 34, 0, 0, 0, 34
"d:\Aman\Dalhousie\Term 1\ASDC\Assignment\google-maps-services-java\src\test\resources\com\google\maps\ReverseGeocodeResponse.json", "JSON", 675, 0, 0, 0, 675
"d:\Aman\Dalhousie\Term 1\ASDC\Assignment\google-maps-services-java\src\test\resources\com\google\maps\ReverseGeocodeWithKitaWardResponse.json", "JSON", 649, 0, 0, 0, 649
"d:\Aman\Dalhousie\Term 1\ASDC\Assignment\google-maps-services-java\src\test\resources\com\google\maps\RoadsApiNearestRoadsResponse.json", "JSON", 108, 0, 0, 0, 108
"d:\Aman\Dalhousie\Term 1\ASDC\Assignment\google-maps-services-java\src\test\resources\com\google\maps\RoadsApiSnapToRoadResponse.json", "JSON", 60, 0, 0, 0, 60
"d:\Aman\Dalhousie\Term 1\ASDC\Assignment\google-maps-services-java\src\test\resources\com\google\maps\RoadsApiSnappedSpeedLimitResponse.json", "JSON", 97, 0, 0, 0, 97
"d:\Aman\Dalhousie\Term 1\ASDC\Assignment\google-maps-services-java\src\test\resources\com\google\maps\RoadsApiSpeedLimitsResponse.json", "JSON", 97, 0, 0, 0, 97
"d:\Aman\Dalhousie\Term 1\ASDC\Assignment\google-maps-services-java\src\test\resources\com\google\maps\RoadsApiSpeedLimitsUSAResponse.json", "JSON", 97, 0, 0, 0, 97
"d:\Aman\Dalhousie\Term 1\ASDC\Assignment\google-maps-services-java\src\test\resources\com\google\maps\RoadsApiSpeedLimitsWithPlaceIds.json", "JSON", 19, 0, 0, 0, 19
"d:\Aman\Dalhousie\Term 1\ASDC\Assignment\google-maps-services-java\src\test\resources\com\google\maps\SimpleGeocodeResponse.json", "JSON", 68, 0, 0, 0, 68
"d:\Aman\Dalhousie\Term 1\ASDC\Assignment\google-maps-services-java\src\test\resources\com\google\maps\SimpleReverseGeocodeResponse.json", "JSON", 702, 0, 0, 0, 702
"d:\Aman\Dalhousie\Term 1\ASDC\Assignment\google-maps-services-java\src\test\resources\com\google\maps\TextSearchPizzaInNYC.json", "JSON", 741, 0, 0, 1, 742
"d:\Aman\Dalhousie\Term 1\ASDC\Assignment\google-maps-services-java\src\test\resources\com\google\maps\TextSearchResponse.json", "JSON", 38, 0, 0, 1, 39
"d:\Aman\Dalhousie\Term 1\ASDC\Assignment\google-maps-services-java\src\test\resources\com\google\maps\UtfResultGeocodeResponse.json", "JSON", 394, 0, 0, 0, 394
"d:\Aman\Dalhousie\Term 1\ASDC\Assignment\google-maps-services-java\src\test\resources\com\google\maps\placesApiKitaWardResponse.json", "JSON", 45, 0, 0, 0, 45
"Total", "-", 15813, 11545, 6251, 2660, 36269